Process Name,PID,CPU Percent,Memory Percent
node,12924,0.0,0.7429599761962891
node,12924,0.0,0.7429599761962891
node,12924,0.0,0.7429599761962891
node,12924,0.0,0.7429599761962891
node,12924,0.0,0.7429599761962891
